{
  "test_evaluation": {
    "classification_report": {
      "Bearish": {
        "f1-score": 0.5,
        "precision": 0.4,
        "recall": 0.6666666666666666,
        "support": 3
      },
      "Bullish": {
        "f1-score": 0.0,
        "precision": 0.0,
        "recall": 0.0,
        "support": 3
      },
      "Neutral": {
        "f1-score": 0.28571428571428575,
        "precision": 0.25,
        "recall": 0.3333333333333333,
        "support": 3
      },
      "accuracy": 0.3333333333333333,
      "macro avg": {
        "f1-score": 0.2619047619047619,
        "precision": 0.21666666666666667,
        "recall": 0.3333333333333333,
        "support": 9
      },
      "weighted avg": {
        "f1-score": 0.2619047619047619,
        "precision": 0.21666666666666667,
        "recall": 0.3333333333333333,
        "support": 9
      }
    },
    "confusion_matrix": [
      [
        2,
        1,
        0
      ],
      [
        2,
        1,
        0
      ],
      [
        1,
        2,
        0
      ]
    ],
    "label_order": [
      "Bearish",
      "Neutral",
      "Bullish"
    ]
  },
  "test_metrics": {
    "test_accuracy": 0.3333333333333333,
    "test_bearish_f1": 0.5,
    "test_bearish_precision": 0.4,
    "test_bearish_recall": 0.6666666666666666,
    "test_bullish_f1": 0.0,
    "test_bullish_precision": 0.0,
    "test_bullish_recall": 0.0,
    "test_loss": 1.1375336647033691,
    "test_macro_f1": 0.2619047619047619,
    "test_macro_precision": 0.21666666666666667,
    "test_macro_recall": 0.3333333333333333,
    "test_neutral_f1": 0.28571428571428575,
    "test_neutral_precision": 0.25,
    "test_neutral_recall": 0.3333333333333333,
    "test_runtime": 0.36,
    "test_samples_per_second": 24.998,
    "test_steps_per_second": 2.778,
    "test_weighted_f1": 0.2619047619047619,
    "test_weighted_precision": 0.21666666666666667,
    "test_weighted_recall": 0.3333333333333333
  },
  "timing": {
    "test_inference_seconds": 0.36240073799854144,
    "test_milliseconds_per_example": 40.266748666504604,
    "training_seconds": 16.607581724994816,
    "validation_seconds": 0.516834359994391
  },
  "training_metrics": {
    "epoch": 1.0,
    "total_flos": 675255919716.0,
    "train_loss": 1.1196568012237549,
    "train_runtime": 16.4898,
    "train_samples_per_second": 1.637,
    "train_steps_per_second": 0.121
  },
  "validation_metrics": {
    "epoch": 1.0,
    "validation_accuracy": 0.5555555555555556,
    "validation_bearish_f1": 0.8,
    "validation_bearish_precision": 1.0,
    "validation_bearish_recall": 0.6666666666666666,
    "validation_bullish_f1": 0.0,
    "validation_bullish_precision": 0.0,
    "validation_bullish_recall": 0.0,
    "validation_loss": 1.1271525621414185,
    "validation_macro_f1": 0.4666666666666666,
    "validation_macro_precision": 0.4761904761904762,
    "validation_macro_recall": 0.5555555555555555,
    "validation_neutral_f1": 0.6,
    "validation_neutral_precision": 0.42857142857142855,
    "validation_neutral_recall": 1.0,
    "validation_runtime": 0.5139,
    "validation_samples_per_second": 17.513,
    "validation_steps_per_second": 1.946,
    "validation_weighted_f1": 0.4666666666666667,
    "validation_weighted_precision": 0.47619047619047616,
    "validation_weighted_recall": 0.5555555555555556
  }
}