{
  "test_evaluation": {
    "classification_report": {
      "Bearish": {
        "f1-score": 0.8550724637681159,
        "precision": 0.7866666666666666,
        "recall": 0.9365079365079365,
        "support": 63
      },
      "Bullish": {
        "f1-score": 0.8455882352941175,
        "precision": 0.8273381294964028,
        "recall": 0.8646616541353384,
        "support": 133
      },
      "Neutral": {
        "f1-score": 0.9329073482428115,
        "precision": 0.9605263157894737,
        "recall": 0.906832298136646,
        "support": 322
      },
      "accuracy": 0.8996138996138996,
      "macro avg": {
        "f1-score": 0.8778560157683483,
        "precision": 0.8581770373175144,
        "recall": 0.9026672962599736,
        "support": 518
      },
      "weighted avg": {
        "f1-score": 0.9010211711306839,
        "precision": 0.9051842565776682,
        "recall": 0.8996138996138996,
        "support": 518
      }
    },
    "confusion_matrix": [
      [
        59,
        1,
        3
      ],
      [
        9,
        292,
        21
      ],
      [
        7,
        11,
        115
      ]
    ],
    "label_order": [
      "Bearish",
      "Neutral",
      "Bullish"
    ]
  },
  "test_metrics": {
    "test_accuracy": 0.8996138996138996,
    "test_bearish_f1": 0.8550724637681159,
    "test_bearish_precision": 0.7866666666666666,
    "test_bearish_recall": 0.9365079365079365,
    "test_bullish_f1": 0.8455882352941175,
    "test_bullish_precision": 0.8273381294964028,
    "test_bullish_recall": 0.8646616541353384,
    "test_loss": 0.3476561903953552,
    "test_macro_f1": 0.8778560157683483,
    "test_macro_precision": 0.8581770373175144,
    "test_macro_recall": 0.9026672962599736,
    "test_neutral_f1": 0.9329073482428115,
    "test_neutral_precision": 0.9605263157894737,
    "test_neutral_recall": 0.906832298136646,
    "test_runtime": 16.1617,
    "test_samples_per_second": 32.051,
    "test_steps_per_second": 2.042,
    "test_weighted_f1": 0.9010211711306839,
    "test_weighted_precision": 0.9051842565776682,
    "test_weighted_recall": 0.8996138996138996
  },
  "timing": {
    "test_inference_seconds": 16.16533569098101,
    "test_milliseconds_per_example": 31.2072117586506,
    "training_seconds": 1009.189276538993,
    "validation_seconds": 15.941938628995558
  },
  "training_metrics": {
    "epoch": 3.0,
    "total_flos": 98281178559720.0,
    "train_loss": 0.3871792195648547,
    "train_runtime": 1009.0256,
    "train_samples_per_second": 7.174,
    "train_steps_per_second": 0.449
  },
  "validation_metrics": {
    "epoch": 3.0,
    "validation_accuracy": 0.9013539651837524,
    "validation_bearish_f1": 0.8201438848920864,
    "validation_bearish_precision": 0.75,
    "validation_bearish_recall": 0.9047619047619048,
    "validation_bullish_f1": 0.862453531598513,
    "validation_bullish_precision": 0.8529411764705882,
    "validation_bullish_recall": 0.8721804511278195,
    "validation_loss": 0.32396525144577026,
    "validation_macro_f1": 0.8728998843041084,
    "validation_macro_precision": 0.8545323047251688,
    "validation_macro_recall": 0.8965716471865021,
    "validation_neutral_f1": 0.9361022364217253,
    "validation_neutral_precision": 0.9606557377049181,
    "validation_neutral_recall": 0.9127725856697819,
    "validation_runtime": 15.9388,
    "validation_samples_per_second": 32.436,
    "validation_steps_per_second": 2.07,
    "validation_weighted_f1": 0.9030255364452177,
    "validation_weighted_precision": 0.9072759541080598,
    "validation_weighted_recall": 0.9013539651837524
  }
}