{
  "test_evaluation": {
    "classification_report": {
      "Bearish": {
        "f1-score": 0.4,
        "precision": 0.5,
        "recall": 0.3333333333333333,
        "support": 3
      },
      "Bullish": {
        "f1-score": 0.6666666666666666,
        "precision": 0.5,
        "recall": 1.0,
        "support": 3
      },
      "Neutral": {
        "f1-score": 0.5,
        "precision": 1.0,
        "recall": 0.3333333333333333,
        "support": 3
      },
      "accuracy": 0.5555555555555556,
      "macro avg": {
        "f1-score": 0.5222222222222223,
        "precision": 0.6666666666666666,
        "recall": 0.5555555555555555,
        "support": 9
      },
      "weighted avg": {
        "f1-score": 0.5222222222222221,
        "precision": 0.6666666666666666,
        "recall": 0.5555555555555556,
        "support": 9
      }
    },
    "confusion_matrix": [
      [
        1,
        0,
        2
      ],
      [
        1,
        1,
        1
      ],
      [
        0,
        0,
        3
      ]
    ],
    "label_order": [
      "Bearish",
      "Neutral",
      "Bullish"
    ]
  },
  "test_metrics": {
    "test_accuracy": 0.5555555555555556,
    "test_bearish_f1": 0.4,
    "test_bearish_precision": 0.5,
    "test_bearish_recall": 0.3333333333333333,
    "test_bullish_f1": 0.6666666666666666,
    "test_bullish_precision": 0.5,
    "test_bullish_recall": 1.0,
    "test_loss": 1.0782523155212402,
    "test_macro_f1": 0.5222222222222223,
    "test_macro_precision": 0.6666666666666666,
    "test_macro_recall": 0.5555555555555555,
    "test_neutral_f1": 0.5,
    "test_neutral_precision": 1.0,
    "test_neutral_recall": 0.3333333333333333,
    "test_runtime": 0.244,
    "test_samples_per_second": 36.879,
    "test_steps_per_second": 12.293,
    "test_weighted_f1": 0.5222222222222221,
    "test_weighted_precision": 0.6666666666666666,
    "test_weighted_recall": 0.5555555555555556
  },
  "timing": {
    "test_inference_seconds": 0.2462998639966827,
    "test_milliseconds_per_example": 27.366651555186966,
    "training_seconds": 14.359436352999182,
    "validation_seconds": 0.26955973799340427
  },
  "training_metrics": {
    "epoch": 1.0,
    "total_flos": 357047402760.0,
    "train_loss": 1.0959753725263808,
    "train_runtime": 14.227,
    "train_samples_per_second": 1.898,
    "train_steps_per_second": 0.633
  },
  "validation_metrics": {
    "epoch": 1.0,
    "validation_accuracy": 0.4444444444444444,
    "validation_bearish_f1": 0.5,
    "validation_bearish_precision": 1.0,
    "validation_bearish_recall": 0.3333333333333333,
    "validation_bullish_f1": 0.5454545454545454,
    "validation_bullish_precision": 0.375,
    "validation_bullish_recall": 1.0,
    "validation_loss": 1.0918983221054077,
    "validation_macro_f1": 0.34848484848484845,
    "validation_macro_precision": 0.4583333333333333,
    "validation_macro_recall": 0.4444444444444444,
    "validation_neutral_f1": 0.0,
    "validation_neutral_precision": 0.0,
    "validation_neutral_recall": 0.0,
    "validation_runtime": 0.2672,
    "validation_samples_per_second": 33.683,
    "validation_steps_per_second": 11.228,
    "validation_weighted_f1": 0.34848484848484845,
    "validation_weighted_precision": 0.4583333333333333,
    "validation_weighted_recall": 0.4444444444444444
  }
}